id;subject;task_title;deal_line;is_urgent;date_creation;date_modify;last_modify_by;created_by;notes
1;withdrawal Avon rich;payment matrices payment;2023-05-22;false;2023-05-21T18:34:25;2023-05-22T17:49:48;Baby bifurcated;responsive Architecte Saint-Dominique;../fake-data/blob/hipster.txt
2;PNG c c;Licensed Ingenieur;2023-05-22;true;2023-05-22T00:00:43;2023-05-22T17:37:41;optical Saint-Bernard optical;Shilling Movies;../fake-data/blob/hipster.txt
3;Tasty Handmade Designer;Intelligent programming;2023-05-21;true;2023-05-22T07:48:39;2023-05-22T05:09:00;Plastic Specialiste navigate;a Developpeur;../fake-data/blob/hipster.txt
4;c THX;Concrete;2023-05-22;false;2023-05-22T06:00:19;2023-05-22T02:49:53;Account;compressing Rubber;../fake-data/blob/hipster.txt
5;Monaco deposit Consultant;Shirt purple Reduced;2023-05-21;false;2023-05-22T11:26:21;2023-05-22T18:02:56;matrix toolset;Kroon;../fake-data/blob/hipster.txt
6;Assistant definition;Franc PCI;2023-05-22;true;2023-05-22T03:46:34;2023-05-22T08:21:05;Mongolie;Costa fuchsia Cotton;../fake-data/blob/hipster.txt
7;application Plastic;Costa Technicien Rupiah;2023-05-22;true;2023-05-22T11:06:05;2023-05-22T03:05:13;niches;c;../fake-data/blob/hipster.txt
8;Sommerard Games;Account Bike Qatar;2023-05-22;false;2023-05-22T15:59:07;2023-05-22T16:33:52;pixel Bourgogne;Account Awesome Superviseur;../fake-data/blob/hipster.txt
9;Honduras functionalities Executif;content Granite Tonga;2023-05-22;false;2023-05-22T16:18:05;2023-05-21T23:04:34;Avon;model;../fake-data/blob/hipster.txt
10;Midi-Pyrénées multi-byte optical;approach Unbranded;2023-05-21;false;2023-05-22T12:46:55;2023-05-22T10:51:52;withdrawal Fresh Chips;Rustic Boliviano Loan;../fake-data/blob/hipster.txt
